city_id,city,country,date,latitude,longitude,temperature,max temperature,humidity,cloudiness,wind speed
0,Vaini,TO,1610067889,-21.2,-175.2,86.0,86.0,79,40,10.36
1,Ribeira Grande,PT,1610067890,38.5167,-28.7,57.42,57.42,66,7,20.74
2,Busselton,AU,1610067891,-33.65,115.3333,88.0,88.0,30,0,5.99
3,Butaritari,KI,1610067893,3.0707,172.7902,81.5,81.5,81,100,19.98
4,Mitsamiouli,KM,1610067894,-11.3847,43.2844,81.0,81.0,81,16,12.3
5,Albany,US,1610067806,42.6001,-73.9662,26.01,27.0,74,8,8.01
6,Hithadhoo,MV,1610067896,-0.6,73.0833,82.96,82.96,80,100,16.82
7,Bluff,NZ,1610067897,-46.6,168.3333,60.01,60.01,72,94,11.01
8,Ushuaia,AR,1610067693,-54.8,-68.3,51.8,51.8,66,75,29.93
9,Ishigaki,JP,1610067608,24.3448,124.1572,51.8,51.8,87,75,19.57
10,Mayumba,GA,1610067901,-3.432,10.6554,76.53,76.53,89,100,2.66
11,Richards Bay,ZA,1610067904,-28.783,32.0377,70.95,70.95,79,52,4.41
12,Örnsköldsvik,SE,1610067905,63.2909,18.7153,21.2,21.2,100,90,4.61
13,Marabu,MY,1610067616,4.4148,114.0089,77.0,77.0,94,40,2.3
14,Marabá,BR,1610067851,-5.3686,-49.1178,74.62,74.62,89,73,0.92
15,Punta Arenas,CL,1610067655,-53.15,-70.9167,50.0,50.0,81,75,11.5
16,Cam Ranh,VN,1610067910,11.9214,109.1591,78.8,78.8,78,20,19.57
17,Yellowknife,CA,1610067687,62.456,-114.3525,0.18,1.0,85,75,3.44
18,Kendari,ID,1610067912,-3.945,122.4989,80.83,80.83,82,100,3.13
19,Lakes Entrance,AU,1610067915,-37.8811,147.981,71.91,73.99,64,0,5.99
20,Cabo San Lucas,MX,1610067713,22.8909,-109.9124,74.46,75.2,43,1,8.05
21,Shimoda,JP,1610067917,34.6667,138.95,37.51,39.2,56,20,18.41
22,Port Alfred,ZA,1610067918,-33.5906,26.891,69.6,69.6,83,17,4.16
23,Hermanus,ZA,1610067921,-34.4187,19.2345,68.0,68.0,76,21,9.37
24,Gao,ML,1610067922,16.6362,1.637,75.16,75.16,18,0,12.57
25,Alta Gracia,AR,1610067923,-31.6529,-64.4283,72.34,81.0,68,20,6.91
26,Khatanga,RU,1610067924,71.9667,102.5,-0.02,-0.02,93,100,15.66
27,Arraial do Cabo,BR,1610067928,-22.9661,-42.0278,77.0,77.0,91,0,5.75
28,Qaqortoq,GL,1610067929,60.7167,-46.0333,35.6,35.6,93,90,5.75
29,Massaguet,TD,1610067930,12.4755,15.4365,73.4,73.4,23,27,6.91
30,Port Elizabeth,ZA,1610067932,-33.918,25.5701,69.8,69.8,88,40,18.41
31,Jamestown,US,1610067823,42.097,-79.2353,24.93,26.01,93,90,9.22
32,Chui,UY,1610067934,-33.6971,-53.4616,66.74,66.74,87,0,3.33
33,Lüderitz,NA,1610067935,-26.6481,15.1594,67.28,67.28,61,0,15.08
34,Port Lincoln,AU,1610067936,-34.7333,135.8667,71.2,71.2,63,0,9.89
35,Murdochville,CA,1610067938,48.9583,-65.5006,28.4,28.4,74,83,25.32
36,Kruisfontein,ZA,1610067939,-34.0033,24.7314,68.0,68.0,91,86,18.72
37,Flinders,AU,1610067940,-34.5833,150.8552,67.95,70.0,56,75,11.5
38,Inírida,CO,1610067941,3.8653,-67.9239,74.77,74.77,96,100,2.51
39,Cayenne,GF,1610067944,4.9333,-52.3333,73.4,73.4,100,75,2.3
40,Qaanaaq,GL,1610067946,77.484,-69.3632,-13.38,-13.38,72,100,8.97
41,Hasaki,JP,1610067948,35.7333,140.8333,37.83,39.0,41,20,13.8
42,Rikitea,PF,1610067949,-23.1203,-134.9692,78.66,78.66,68,88,3.83
43,Upernavik,GL,1610067950,72.7868,-56.1549,-5.04,-5.04,93,94,6.31
44,Hamilton,US,1610067918,39.1834,-84.5333,34.83,36.0,60,75,17.27
45,Fortuna,US,1610067952,40.5982,-124.1573,53.69,55.0,62,1,10.36
46,Saldanha,ZA,1610067954,-33.0117,17.9442,60.8,60.8,82,0,8.05
47,Charlestown,AU,1610067955,-32.95,151.6667,70.92,75.2,46,40,21.85
48,Cherskiy,RU,1610067956,68.75,161.3,-14.75,-14.75,89,99,1.03
49,Rønne,DK,1610067957,55.1009,14.7066,33.8,33.8,100,90,2.3
50,Poum,NC,1610067958,-20.2333,164.0167,82.94,82.94,78,2,10.51
51,Cape Town,ZA,1610067960,-33.9258,18.4232,66.6,66.99,77,0,16.11
52,Mil'kovo,RU,1610067961,54.7167,158.6167,1.02,1.02,91,92,1.23
53,Vila,PT,1610067962,42.0304,-8.1588,30.11,37.0,93,0,1.14
54,Jacqueville,CI,1610067963,5.2052,-4.4146,80.6,80.6,83,20,3.44
55,East London,ZA,1610067964,-33.0153,27.9116,70.07,70.07,82,17,14.2
56,Mineros,BO,1610067966,-17.1167,-63.2333,77.0,77.0,88,40,8.05
57,Faya,SA,1610067967,18.3851,42.4509,52.66,53.6,93,0,6.91
58,San Luis,AR,1610067969,-33.295,-66.3356,72.34,72.34,32,0,3.74
59,Hobart,AU,1610067841,-42.8794,147.3294,72.91,78.01,56,20,12.66
60,Henties Bay,NA,1610067972,-22.116,14.2845,68.0,68.0,88,100,6.06
61,Tual,ID,1610067973,-5.6667,132.75,83.55,83.55,75,77,11.32
62,Souillac,MU,1610067974,-20.5167,57.5167,75.2,75.2,69,20,4.61
63,Mataura,NZ,1610067975,-46.1927,168.8643,60.01,60.01,72,66,11.01
64,Moose Factory,CA,1610067976,51.2585,-80.6094,-1.28,-0.4,85,1,2.3
65,Mareeba,AU,1610067978,-17.0,145.4333,88.3,90.0,74,0,6.91
66,Barrow,US,1610067979,71.2906,-156.7887,-11.2,-11.2,77,90,4.61
67,Kushiro,JP,1610067980,42.975,144.3747,24.8,24.8,68,75,14.97
68,Rudnichnyy,RU,1610067981,59.617,52.4703,7.27,7.27,96,100,4.47
69,San Patricio,US,1610067982,28.017,-97.5169,56.23,60.8,38,20,8.05
70,Kavaratti,IN,1610067984,10.5669,72.642,81.7,81.7,71,84,1.68
71,Taltal,CL,1610067985,-25.4,-70.4833,65.32,65.32,74,0,5.37
72,Virovitica,HR,1610067986,45.8319,17.3839,33.01,33.01,95,100,5.03
73,Nanortalik,GL,1610067987,60.1432,-45.2371,37.04,37.04,95,100,7.36
74,Faanui,PF,1610067989,-16.4833,-151.75,81.0,81.0,73,0,14.07
75,Guerrero Negro,MX,1610067990,27.9769,-114.0611,64.0,64.0,39,0,10.58
76,Esperance,AU,1610067991,-33.8667,121.9,73.4,73.4,49,4,19.57
77,Khorramshahr,IR,1610067992,30.4397,48.1664,48.2,48.2,87,0,5.28
78,Majene,ID,1610067994,-3.5403,118.9707,76.19,76.19,89,100,8.43
79,Lebu,CL,1610067996,-37.6167,-73.65,55.18,55.18,73,67,21.27
80,Pisco,PE,1610067998,-13.7,-76.2167,69.46,69.8,83,0,13.8
81,Kangaatsiaq,GL,1610067999,68.3065,-53.4641,7.54,7.54,93,100,7.67
82,Anadyr,RU,1610068000,64.75,177.4833,-20.09,-20.0,76,0,6.71
83,Soledade,BR,1610068002,-28.8183,-52.5103,65.95,65.95,87,90,1.81
84,Kamaishi,JP,1610068003,39.2667,141.8833,21.2,21.2,93,75,5.75
85,Chaupāl,IN,1610068004,30.95,77.5833,33.64,33.64,75,0,4.09
86,Saskylakh,RU,1610068005,71.9167,114.0833,-20.15,-20.15,87,89,7.45
87,Beba,CU,1610068006,22.4437,-79.7253,71.6,71.6,78,40,4.61
88,Turukhansk,RU,1610068008,65.8167,87.9833,-17.3,-17.3,89,100,13.47
89,Atbasar,KZ,1610068009,51.8,68.3333,-23.4,-23.4,86,30,1.63
90,Derzhavīnsk,KZ,1610068010,51.1,66.3167,-18.8,-18.8,83,0,6.38
91,Bethel,US,1610067957,41.3712,-73.414,28.09,28.99,69,1,5.75
92,Coquimbo,CL,1610068012,-29.9533,-71.3436,59.0,59.0,88,40,8.05
93,Ankang,CN,1610068014,32.68,109.0172,29.05,29.05,58,0,1.59
94,Logansport,US,1610068015,40.7545,-86.3567,32.83,33.8,80,90,5.75
95,Nikolskoye,RU,1610068016,59.7035,30.7861,23.92,24.8,86,75,11.18
96,Kaka,TM,1610068017,37.3482,59.6143,28.4,28.4,85,0,9.1
97,Chokurdakh,RU,1610068018,70.6333,147.9167,-13.16,-13.16,90,93,7.14
98,Fare,PF,1610068020,-16.7,-151.0167,80.91,80.91,70,13,8.81
99,Ketchikan,US,1610068021,55.3422,-131.6461,42.8,42.8,87,90,16.11
100,Port Moresby,PG,1610068022,-9.4431,147.1797,87.8,87.8,66,40,6.91
101,Mocuba,MZ,1610068023,-16.8392,36.9856,74.39,74.39,96,17,0.92
102,High Prairie,CA,1610068025,55.4334,-116.4858,23.0,23.0,68,100,11.5
103,Kailua,US,1610068026,21.4022,-157.7394,78.48,82.4,69,40,9.44
104,Shingū,JP,1610068027,33.7333,135.9833,33.8,33.8,47,75,19.57
105,Nueva Loja,EC,1610068028,0.0847,-76.8828,72.39,72.39,94,100,1.28
106,Nabire,ID,1610068029,-3.3667,135.4833,86.47,86.47,63,99,1.74
107,Numan,NG,1610068031,9.4667,12.0333,72.64,72.64,21,93,1.16
108,Takoradze,GH,1610068032,4.8845,-1.7554,79.18,79.18,87,12,8.5
109,Mahébourg,MU,1610068033,-20.4081,57.7,75.2,75.2,69,20,4.61
110,Kapaa,US,1610068034,22.0752,-159.319,78.37,78.8,69,1,5.75
111,Clyde River,CA,1610068035,70.4692,-68.5914,-18.4,-18.4,69,40,3.44
112,Te Anau,NZ,1610068038,-45.4167,167.7167,60.26,60.26,56,1,4.12
113,Boyuibe,BO,1610068039,-20.4167,-63.2833,69.6,69.6,85,100,3.04
114,Alice Springs,AU,1610067808,-23.7,133.8833,84.2,84.2,16,0,14.97
115,Gaillac,FR,1610068041,43.9016,1.8969,25.52,26.01,96,0,0.83
116,Coos Bay,US,1610068044,43.3665,-124.2179,48.67,48.99,87,1,5.75
117,Longyearbyen,SJ,1610068046,78.2186,15.6401,33.8,33.8,75,40,32.21
118,Ngara,TZ,1610068047,-2.5122,30.6558,55.4,55.4,100,0,2.35
119,New Norfolk,AU,1610068049,-42.7826,147.0587,75.83,79.0,37,1,3.0
120,Fairbanks,US,1610067837,64.8378,-147.7164,3.88,6.8,85,75,1.14
121,Chernyshevsk,RU,1610068051,52.5243,117.0174,-22.34,-22.34,82,0,2.21
122,Bambous Virieux,MU,1610068052,-20.3428,57.7575,74.16,75.2,69,20,4.61
123,Níjar,ES,1610068053,36.9665,-2.206,48.09,48.2,87,75,6.91
124,Carnarvon,AU,1610068055,-24.8667,113.6333,86.0,86.0,70,40,8.05
125,Esna,EG,1610068056,25.2934,32.554,57.2,57.2,54,0,5.86
126,Lichuan,CN,1610068057,30.3,108.85,25.43,25.43,92,73,2.24
127,Zyryanka,RU,1610068058,65.75,150.85,-22.95,-22.95,83,73,6.08
128,Avarua,CK,1610067960,-21.2078,-159.775,86.0,86.0,70,20,12.66
129,Torbay,CA,1610067798,47.6666,-52.7314,41.56,42.8,100,90,13.8
130,Teguise,ES,1610068062,29.0605,-13.564,68.0,68.0,83,40,17.27
131,High Level,CA,1610068063,58.5169,-117.136,14.0,14.0,100,20,4.61
132,Kavieng,PG,1610068064,-2.5744,150.7967,81.46,81.46,84,100,15.3
133,Tongliao,CN,1610068065,43.6125,122.2653,-15.27,-15.27,82,0,9.62
134,Antofagasta,CL,1610067826,-23.65,-70.4,68.0,68.0,73,20,6.91
135,Kaabong,UG,1610068068,3.4836,34.1492,67.1,67.1,39,74,6.08
136,Baracoa,CU,1610068069,20.3467,-74.4958,74.8,74.8,76,78,5.32
137,Canavieiras,BR,1610068070,-15.675,-38.9472,75.58,75.58,84,0,6.78
138,Dārayyā,SY,1610068071,33.459,36.2374,39.2,39.2,70,0,3.83
139,Yumen,CN,1610068073,40.2833,97.2,0.59,0.59,78,0,13.69
140,Chapais,CA,1610068074,49.7834,-74.8492,12.2,12.2,92,90,10.36
141,West Odessa,US,1610068075,31.8424,-102.4988,46.15,48.99,36,1,9.22
142,Mar del Plata,AR,1610068076,-38.0023,-57.5575,63.84,64.4,88,90,9.22
143,Mount Isa,AU,1610068077,-20.7333,139.5,95.0,95.0,18,0,17.27
144,Sørland,NO,1610068079,67.667,12.6934,33.84,33.84,88,100,16.02
145,Comodoro Rivadavia,AR,1610068080,-45.8667,-67.5,62.6,62.6,59,40,5.75
146,Maragogi,BR,1610068081,-9.0122,-35.2225,77.76,77.76,81,7,8.75
147,Laguna,US,1610068082,38.421,-121.4238,48.85,50.0,71,1,2.24
148,Grindavik,IS,1610068084,63.8424,-22.4338,41.0,41.0,100,90,25.32
149,Castro,BR,1610068087,-24.7911,-50.0119,66.34,66.34,96,100,6.87
150,Tasiilaq,GL,1610068088,65.6145,-37.6368,24.8,24.8,46,75,21.85
151,Boquira,BR,1610068090,-12.8231,-42.7306,75.09,75.09,52,45,3.98
152,Champerico,GT,1610068091,14.3,-91.9167,73.26,78.8,78,40,4.61
153,Poconé,BR,1610068092,-16.2567,-56.6228,78.91,78.91,76,97,3.56
154,Puerto Ayora,EC,1610068093,-0.7393,-90.3518,73.99,73.99,92,48,1.99
155,Santa Isabel,BR,1610068095,-23.3156,-46.2214,72.39,73.99,88,75,6.91
156,Bukachacha,RU,1610068096,52.9833,116.9167,-17.27,-17.27,82,0,2.68
157,Līsakovsk,KZ,1610068097,52.5369,62.4936,-6.57,-6.57,85,100,8.01
158,Phanom Sarakham,TH,1610068098,13.7479,101.3553,81.0,82.0,77,0,13.73
159,São Filipe,CV,1610068099,14.8961,-24.4956,75.13,75.13,76,0,7.38
160,Dingle,PH,1610068101,10.9995,122.6711,79.05,79.05,88,100,12.12
161,Lumeje,AO,1610068102,-11.55,20.7833,65.62,65.62,93,100,7.56
162,Pouébo,NC,1610068103,-20.4,164.5667,85.46,85.46,69,63,3.27
163,Ulaanbaatar,MN,1610068062,47.9077,106.8832,-9.4,-9.4,77,0,6.71
164,Gari,RU,1610068105,59.4307,62.3497,1.65,1.65,94,100,6.6
165,Gostilitsy,RU,1610068106,59.7483,29.622,24.44,24.8,86,75,11.18
166,Atuona,PF,1610068108,-9.8,-139.0333,77.61,77.61,72,52,13.98
167,Tiznit Province,MA,1610068109,29.5833,-9.5,60.64,60.64,78,0,8.95
168,Dongsheng,CN,1610068110,39.8161,109.9776,-1.66,-1.66,68,0,21.0
169,Meulaboh,ID,1610068111,4.1363,96.1285,77.22,77.22,86,3,4.27
170,Saint-Philippe,RE,1610068112,-21.3585,55.7679,70.54,75.2,73,0,4.61
171,Vostok,RU,1610068114,46.4856,135.8833,-18.76,-18.76,82,100,3.71
172,Grand Gaube,MU,1610068115,-20.0064,57.6608,73.0,73.0,76,0,3.0
173,Ca Mau,VN,1610068039,9.1769,105.15,78.26,78.26,74,85,11.63
174,Dicabisagan,PH,1610068117,17.0818,122.4157,74.35,74.35,85,100,11.21
175,Thinadhoo,MV,1610067941,0.5333,72.9333,83.03,83.03,79,100,17.29
176,Thompson,CA,1610068120,55.7435,-97.8558,19.4,19.4,93,20,4.61
177,Spirit River,CA,1610068121,55.7833,-118.8361,26.6,26.6,68,1,4.61
178,Saint Paul Harbor,US,1610068122,57.79,-152.4072,37.4,37.4,93,90,5.75
179,Mēga,ET,1610068123,4.05,38.3,56.82,56.82,43,0,5.35
180,Tshane,BW,1610068124,-24.0196,21.8684,73.31,73.31,72,100,12.24
181,Bintulu,MY,1610068126,3.1667,113.0333,77.0,77.0,94,20,3.44
182,Khuzhir,RU,1610068128,53.1939,107.3397,0.28,0.28,88,75,9.28
183,Los Llanos de Aridane,ES,1610068129,28.6585,-17.9182,59.95,66.2,77,40,5.75
184,College,US,1610068066,64.8569,-147.8028,3.69,6.8,78,75,3.09
185,Itoman,JP,1610068084,26.1247,127.6694,51.96,53.6,71,75,27.63
186,Bredasdorp,ZA,1610068133,-34.5322,20.0403,64.4,64.4,77,0,3.6
187,Xining,CN,1610068134,36.6167,101.7667,4.51,4.51,73,0,1.41
188,Starosubkhangulovo,RU,1610068136,53.1031,57.4423,6.03,6.03,91,27,3.53
189,Codrington,AU,1610068137,-38.2667,141.9667,69.04,69.04,63,0,13.09
190,Pangnirtung,CA,1610068139,66.1451,-65.7125,-13.02,-13.02,63,0,2.24
191,Pemba,MZ,1610068140,-12.974,40.5178,78.4,78.8,94,20,9.22
192,Margate,GB,1610068141,51.3813,1.3862,32.68,34.0,85,82,1.99
193,Slavsk,RU,1610068143,55.0425,21.677,29.39,29.39,99,100,3.91
194,Biak,ID,1610068145,-0.9131,122.8766,81.43,81.43,74,100,2.24
195,Bilma,NE,1610068146,18.6853,12.9164,72.27,72.27,20,0,5.41
196,Portneuf,CA,1610068147,46.6906,-71.8901,23.47,24.8,80,0,5.75
197,Kununurra,AU,1610068148,-15.7667,128.7333,89.6,89.6,74,12,4.61
198,São Francisco,BR,1610068149,-15.9486,-44.8644,73.6,73.6,84,62,4.47
199,Rio Grande,BR,1610068151,-32.035,-52.0986,77.0,77.0,86,1,5.14
200,Hilo,US,1610067804,19.7297,-155.09,74.98,80.6,57,20,10.36
201,Kloulklubed,PW,1610068154,7.0419,134.2556,80.6,80.6,89,90,4.61
202,Gravelbourg,CA,1610068155,49.8834,-106.5512,26.6,26.6,86,100,3.44
203,Padang,ID,1610068157,-0.9492,100.3543,81.48,81.48,70,100,3.51
204,Pimentel,PE,1610068158,-6.8367,-79.9342,69.8,69.8,83,0,19.57
205,Port Keats,AU,1610068159,-14.25,129.55,91.38,91.38,54,0,5.66
206,Elliot,ZA,1610068160,-31.3333,27.85,62.55,62.55,62,0,6.06
207,Shakhovskaya,RU,1610068161,56.0283,35.5097,18.55,18.55,98,100,7.29
208,George Town,MY,1610067945,5.4112,100.3354,77.65,78.8,83,20,4.61
209,Ürümqi,CN,1610068164,43.801,87.6005,-5.8,-5.8,84,100,1.03
210,Nantucket,US,1610067966,41.2835,-70.0995,36.75,37.4,60,1,11.5
211,Sur,OM,1610068166,22.5667,59.5289,64.54,64.54,55,0,19.55
212,Awjilah,LY,1610068167,29.1081,21.2869,52.7,52.7,74,23,2.1
213,Ambilobe,MG,1610068169,-13.2,49.05,72.9,72.9,91,0,1.97
214,Keratea,GR,1610068170,37.8073,23.9769,55.44,59.0,88,20,3.44
215,Celestún,MX,1610068171,20.8667,-90.4,72.88,72.88,85,20,16.24
216,Lagoa,PT,1610068172,39.05,-27.9833,56.39,56.39,68,0,18.79
217,Tura,IN,1610068173,25.5198,90.2201,60.98,60.98,69,53,2.39
218,Nemuro,JP,1610068174,43.3236,145.575,24.8,24.8,93,90,19.57
219,Kawalu,ID,1610068177,-7.3817,108.2082,80.33,80.33,75,97,0.98
220,Solnechnyy,RU,1610068179,50.7214,136.6319,-14.08,-14.08,84,62,2.93
221,Palauig,PH,1610068180,15.435,119.9045,82.04,82.04,63,28,1.41
222,Ahipara,NZ,1610068182,-35.1667,173.1667,68.88,68.88,74,55,4.99
223,Buala,SB,1610068183,-8.145,159.5921,82.96,82.96,77,100,8.55
224,Katsuura,JP,1610068184,35.1333,140.3,38.7,39.2,56,75,20.71
225,Tiksi,RU,1610068185,71.6872,128.8694,-14.53,-14.53,88,100,17.43
226,Neuquén,AR,1610068186,-38.9516,-68.0591,80.6,80.6,22,0,3.44
227,Yako,BF,1610068188,12.9667,-2.2667,75.15,75.15,17,63,9.19
228,Salinópolis,BR,1610068189,-0.6136,-47.3561,80.92,80.92,80,21,10.85
229,Göksun,TR,1610068190,38.021,36.4973,37.4,37.4,87,0,5.75
230,Novikovo,RU,1610068191,51.1537,37.8879,36.73,36.73,96,100,13.56
231,Ocampo,MX,1610068193,21.65,-101.5,53.73,53.73,46,100,5.35
232,Sitka,US,1610067910,57.0531,-135.33,46.4,46.4,61,90,17.27
233,Barra de Tecoanapa,MX,1610068195,16.5167,-98.75,77.81,77.81,78,98,4.36
234,Saint-Augustin,CA,1610068197,51.226,-58.6502,39.43,39.43,85,100,23.98
235,Grinnell,US,1610068199,41.743,-92.7224,29.84,33.8,86,90,8.05
236,Hong Kong,HK,1610068036,22.2855,114.1577,45.05,48.0,63,99,1.99
237,Muros,ES,1610068201,42.7762,-9.0603,33.6,37.0,89,1,3.0
238,Tuatapere,NZ,1610068203,-46.1333,167.6833,60.01,60.01,72,84,11.01
239,Aden,YE,1610067938,12.7794,45.0367,75.0,75.0,71,0,16.26
240,Kitui,KE,1610068205,-1.367,38.0106,62.04,62.04,72,0,5.21
241,Husavik,IS,1610068208,66.0449,-17.3389,26.6,26.6,93,90,23.02
242,Geraldton,AU,1610068209,-28.7667,114.6,98.6,98.6,12,21,21.85
243,Paamiut,GL,1610068211,61.994,-49.6678,25.41,25.41,94,100,15.5
244,Praia da Vitória,PT,1610068212,38.7333,-27.0667,52.5,53.6,76,75,18.5
245,Lompoc,US,1610068213,34.6391,-120.4579,56.53,57.99,82,1,11.5
246,Caucayá,CO,1610068214,-0.1934,-74.7819,72.72,72.72,95,96,0.94
247,Kenora,CA,1610068089,49.8167,-94.4337,23.0,23.0,86,40,5.75
248,Vao,NC,1610068217,-22.6667,167.4833,79.11,79.11,87,100,19.6
249,Cidreira,BR,1610068218,-30.1811,-50.2056,75.7,75.7,88,100,7.67
250,Eilat,IL,1610068219,29.5581,34.9482,60.8,60.8,55,0,7.47
251,Kamenka,RU,1610068220,51.3223,42.7678,34.0,34.0,97,100,15.08
252,Nieuw Amsterdam,SR,1610068223,5.8833,-55.0833,80.29,80.6,83,40,4.61
253,Bourail,NC,1610068224,-21.5667,165.4833,85.1,85.1,71,100,8.77
254,Jatibonico,CU,1610068225,21.9419,-79.17,67.86,67.86,87,20,5.99
255,Kahului,US,1610068226,20.8947,-156.47,77.85,84.2,51,40,5.75
256,Sault Ste. Marie,CA,1610068046,46.5168,-84.3333,22.15,24.8,63,1,4.61
257,Johnson City,US,1610068229,36.3134,-82.3535,38.39,39.2,81,90,4.68
258,Bikin,RU,1610068230,46.8161,134.26,-15.83,-15.83,83,96,4.18
259,Tamandaré,BR,1610068231,-8.7597,-35.1047,77.79,77.79,80,12,8.59
260,Blackwater,AU,1610068232,-23.5833,148.8833,78.44,78.44,69,98,13.15
261,Ponta do Sol,PT,1610068233,32.6667,-17.1,49.91,53.01,75,100,13.0
262,Pacific Grove,US,1610068060,36.6177,-121.9166,55.81,57.2,77,1,5.75
263,Gigmoto,PH,1610068237,13.7796,124.39,78.28,78.28,87,100,16.33
264,Lavrentiya,RU,1610068238,65.5833,-171.0,-12.59,-12.59,84,0,4.68
265,Centerville,US,1610068239,39.6284,-84.1594,34.05,36.0,69,90,10.36
266,Zyryanskoye,RU,1610068241,56.8306,86.6258,-10.32,-10.32,84,100,8.68
267,Khatassy,RU,1610068242,61.9036,129.6383,-47.2,-47.2,59,100,2.24
268,Mount Gambier,AU,1610068157,-37.8333,140.7667,75.2,75.2,38,0,12.66
269,Olinda,BR,1610068094,-8.0089,-34.8553,78.8,78.8,73,75,9.22
270,Wanning,CN,1610068245,18.8003,110.3967,57.02,57.02,87,100,18.61
271,Hamza,UZ,1610068247,40.4264,71.4956,21.2,21.2,73,75,4.61
272,Markova,UA,1610068248,48.6758,24.4138,29.16,29.16,93,50,2.66
273,Leningradskiy,RU,1610068249,69.3833,178.4167,-10.98,-10.98,85,97,6.22
274,Atar,MR,1610068251,20.5169,-13.0499,68.4,68.4,37,0,1.3
275,Izumo,JP,1610068072,35.3667,132.7667,26.6,26.6,80,75,18.41
276,Provideniya,RU,1610068253,64.3833,-173.3,-7.29,-7.29,82,5,3.87
277,Karīmganj,IN,1610068257,24.8667,92.35,60.21,60.21,79,6,3.69
278,Saiha,IN,1610068258,22.4833,92.9667,59.79,59.79,59,100,3.11
279,Dikson,RU,1610068259,73.5069,80.5464,15.94,15.94,97,93,13.27
280,Tavda,RU,1610068261,58.0425,65.2726,-2.36,-2.36,89,100,8.32
281,Kushmurun,KZ,1610068262,52.4503,64.6311,-13.45,-13.45,83,86,6.98
282,Westport,US,1610068263,41.1415,-73.3579,31.14,33.01,59,1,6.91
283,Dukat,RU,1610068264,62.55,155.55,-14.3,-14.3,81,0,1.07
284,Pāsighāt,IN,1610068266,28.0667,95.3333,59.05,59.05,64,15,2.66
285,New Baltimore,US,1610068267,42.6811,-82.7369,32.32,33.01,80,75,9.22
286,Nāgar Karnūl,IN,1610068268,16.4821,78.3247,64.94,64.94,86,0,6.04
287,Domoni,KM,1610068269,-12.2569,44.5319,79.52,79.52,79,13,6.51
288,Vasyshcheve,UA,1610068270,49.8285,36.3269,42.4,42.8,93,75,11.18
289,Hambantota,LK,1610068272,6.1241,81.1185,71.6,71.6,100,20,1.14
290,Konya Province,TR,1610068273,38.1667,32.5,35.6,35.6,93,0,3.44
291,Inuvik,CA,1610068274,68.3499,-133.7218,6.8,10.4,85,0,1.14
292,Zambezi,ZM,1610068275,-13.5432,23.1047,66.58,66.58,96,100,6.93
293,Valdivia,CL,1610068129,-39.8142,-73.2459,57.2,57.2,72,0,4.61
294,Tautira,PF,1610068278,-17.7333,-149.15,84.11,84.2,65,40,5.75
295,Kenai,US,1610068279,60.5544,-151.2583,32.92,34.0,55,20,24.16
296,Le Port,RE,1610068280,-20.9373,55.2919,67.55,73.4,68,0,8.05
297,Werder,DE,1610068281,52.3787,12.934,33.89,35.01,93,97,5.59
298,Gardez,AF,1610068282,33.5974,69.2259,18.36,18.36,93,94,3.0
299,Timbiquí,CO,1610068284,2.7717,-77.6654,75.13,75.13,91,96,2.06
300,Petropavlovsk-Kamchatskiy,RU,1610068286,53.0452,158.6483,3.2,3.2,55,0,6.71
301,Taksimo,RU,1610068287,56.3444,114.8794,-10.7,-10.7,81,100,3.27
302,Dali,CN,1610068288,25.7,100.1833,44.24,44.24,77,71,2.93
303,Muroto-misakicho,JP,1610068290,33.2833,134.15,30.2,30.2,43,20,2.3
304,Sirte,LY,1610068291,31.2089,16.5887,65.89,65.89,44,100,11.14
305,Airai,TL,1610068293,-8.9266,125.4092,70.47,70.47,91,80,3.09
306,Aklavik,CA,1610068294,68.2191,-135.0107,-11.2,-11.2,77,1,4.61
307,Grand-Santi,GF,1610068296,4.25,-54.3833,73.76,73.76,96,100,2.62
308,Baykit,RU,1610068297,61.67,96.37,-17.05,-17.05,80,0,4.32
309,Paciran,ID,1610068298,-6.8767,112.3761,78.31,78.31,84,100,9.89
310,Cartagena,CO,1610068034,10.3997,-75.5144,80.6,80.6,83,0,9.22
311,Amapá,BR,1610068300,1.0,-52.0,72.81,72.81,94,100,2.3
312,Touros,BR,1610068302,-5.1989,-35.4608,78.8,78.8,78,20,11.5
313,Clarence Town,AU,1610068303,-32.5833,151.7833,73.4,75.2,46,40,21.85
314,Turiaçu,BR,1610068304,-1.6633,-45.3717,76.42,76.42,89,8,4.43
315,Tuktoyaktuk,CA,1610068305,69.4541,-133.0374,-7.6,-7.6,77,1,10.36
316,Vila Velha,BR,1610068306,-20.3297,-40.2925,78.39,78.8,73,0,10.36
317,Kelamangalam,IN,1610068308,12.6,77.85,69.8,69.8,100,40,4.61
318,Dunda,TZ,1610068309,-8.1167,34.25,64.69,64.69,94,28,1.99
319,Walvis Bay,NA,1610068310,-22.9575,14.5053,66.09,68.0,88,99,8.05
320,Agde,FR,1610068311,43.3108,3.4758,24.8,24.8,86,0,5.75
321,Binahaan,PH,1610068312,13.9906,121.7581,78.01,78.01,84,100,8.99
322,Camocim,BR,1610068314,-2.9022,-40.8411,79.83,79.83,80,0,11.12
323,Meaford,CA,1610068200,44.6001,-80.583,23.81,26.01,77,89,1.99
324,Shāhganj,IN,1610068316,26.05,82.6833,59.0,59.0,100,0,4.61
325,Yelanskiy,RU,1610068317,56.8419,62.5014,-1.08,-1.08,92,100,8.5
326,Kaitangata,NZ,1610068318,-46.2817,169.8464,59.0,59.0,62,49,10.0
327,Magdagachi,RU,1610068320,53.45,125.8,-19.52,-19.52,84,83,4.0
328,Taoudenni,ML,1610068321,22.6783,-3.9836,73.27,73.27,23,92,5.37
329,San Policarpo,PH,1610068322,12.1791,125.5072,78.46,78.46,92,100,11.23
330,Kirakira,SB,1610068323,-10.4544,161.9205,84.29,84.29,75,100,8.3
331,Nome,US,1610068324,64.5011,-165.4064,5.0,5.0,72,90,6.91
332,Progreso,MX,1610068326,21.2833,-89.6667,72.32,73.0,83,75,4.61
333,Srednekolymsk,RU,1610068327,67.45,153.6833,-22.07,-22.07,85,84,1.79
334,Port Blair,IN,1610068145,11.6667,92.75,80.46,80.46,81,0,10.47
335,Upata,VE,1610068329,8.0086,-62.3989,75.99,75.99,89,100,3.0
336,Scarborough,GB,1610068330,54.2797,-0.4044,33.78,35.01,93,100,1.01
337,Aripuanã,BR,1610068045,-9.1667,-60.6333,72.97,72.97,97,100,2.46
338,Otradnoye,RU,1610068333,59.7775,30.8181,23.92,24.8,86,75,11.18
339,Lumby,CA,1610068334,50.2498,-118.969,28.74,32.0,86,100,5.75
340,Pandan,PH,1610068336,14.0453,124.1694,79.03,79.03,85,100,20.56
341,Tauragė,LT,1610068338,55.2522,22.2897,30.18,30.18,98,100,1.19
342,Mīzan Teferī,ET,1610068339,6.9833,35.5833,64.62,64.62,70,0,2.35
343,Riberalta,BO,1610068340,-10.9833,-66.1,71.64,71.64,97,27,1.05
344,Oktyabr'skiy,RU,1610068341,54.4815,53.471,12.43,12.43,94,100,12.84
345,Riviere-au-Renard,CA,1610068342,48.9957,-64.3971,28.4,28.4,74,90,13.8
346,Saint-Louis,SN,1610068345,16.3333,-15.0,78.8,78.8,53,0,2.3
347,Bengkulu,ID,1610068346,-3.8004,102.2655,78.48,78.48,76,97,4.32
348,Contamana,PE,1610068347,-7.3333,-75.0167,70.75,70.75,95,83,1.66
349,Rocha,UY,1610068348,-34.4833,-54.3333,67.57,67.57,55,0,3.6
350,Pevek,RU,1610068350,69.7008,170.3133,-9.54,-9.54,91,100,3.36
351,Birao,CF,1610068351,10.2849,22.7882,67.78,67.78,25,0,6.58
352,Isangel,VU,1610068206,-19.55,169.2667,87.8,87.8,74,75,9.22
353,Samarai,PG,1610068353,-10.6167,150.6667,84.13,84.13,75,100,14.27
354,Umluj,SA,1610068354,25.0213,37.2685,75.29,75.29,48,0,8.66
355,Paka,MY,1610068356,4.6374,103.4368,80.31,80.6,83,40,8.05
356,Naze,JP,1610068357,28.3667,129.4833,50.0,50.0,76,75,11.5
357,La Ronge,CA,1610068358,55.1001,-105.2842,29.28,30.2,69,60,4.61
358,Hargeisa,SO,1610068359,9.56,44.065,53.49,53.49,88,19,12.53
359,Howard Springs,AU,1610068360,-12.497,131.047,90.07,91.99,74,75,3.44
360,Nakamura,JP,1610068362,32.9833,132.9333,29.75,29.75,92,99,6.93
361,Kalabo,ZM,1610068363,-14.97,22.6814,69.78,69.78,90,100,1.83
362,Polunochnoye,RU,1610068364,60.8697,60.4153,-9.53,-9.53,92,100,3.2
363,Tawao,MY,1610068365,4.2498,117.8871,77.0,77.0,94,20,5.99
364,Sungai Penuh,ID,1610068305,-2.0833,101.3833,68.65,68.65,84,100,3.29
365,Pauini,BR,1610068368,-7.7136,-66.9764,72.95,72.95,97,100,3.09
366,Hay River,CA,1610068262,60.8156,-115.7999,22.12,23.0,80,0,8.05
367,Ust-Nera,RU,1610068370,64.5667,143.2,-29.49,-29.49,73,99,3.47
368,Belaya Gora,RU,1610068371,68.5333,146.4167,-15.0,-15.0,88,100,3.24
369,Normandin,CA,1610068372,48.8333,-72.5321,17.6,17.6,79,0,14.97
370,Port Augusta,AU,1610068374,-32.5,137.7667,85.12,90.0,60,0,13.8
371,Merauke,ID,1610068375,-8.4667,140.3333,80.47,80.47,81,100,8.3
372,Rāmkola,IN,1610068376,26.9042,83.8411,54.45,54.45,76,0,6.08
373,Otane,NZ,1610068377,-39.8833,176.6333,77.18,77.18,48,29,5.17
374,Viseu,PT,1610068378,40.661,-7.9097,33.01,33.01,71,98,10.0
375,Hokitika,NZ,1610068380,-42.7167,170.9667,67.37,67.37,74,6,10.85
376,Saint George,US,1610068239,37.1041,-113.5841,47.55,48.99,27,1,3.09
377,Burnie,AU,1610068382,-41.0667,145.9167,69.55,70.0,59,0,5.01
378,Gizo Government Station,SB,1610068384,-8.103,156.8419,85.32,85.32,71,65,9.19
379,Eureka,US,1610068386,40.8021,-124.1637,52.83,54.0,72,100,1.01
380,Bariloche,AR,1610068243,-41.1456,-71.3082,55.4,55.4,54,0,17.27
381,Buchanan,LR,1610068389,5.8808,-10.0467,77.0,77.0,94,40,5.57
382,Nakhon Nayok,TH,1610068390,14.1667,101.1,77.47,79.0,79,0,7.38
383,Kumul,CN,1610068392,42.8,93.45,8.29,8.29,64,35,5.35
384,Cap Malheureux,MU,1610068393,-19.9842,57.6142,72.0,72.0,76,0,3.0
385,Rodolfo Sánchez Taboada,MX,1610068394,31.7167,-116.5667,57.99,57.99,85,100,1.99
386,Wewak,PG,1610068395,-3.5534,143.6268,84.13,84.13,73,100,2.77
387,Buraidah,SA,1610068396,26.326,43.975,53.6,53.6,100,75,9.22
388,Tilichiki,RU,1610068397,60.4667,166.1,-9.35,-9.35,89,98,9.84
389,Ippy,CF,1610068399,6.2679,21.2247,70.45,70.45,23,100,5.01
390,Kamina,CD,1610068400,-8.7386,24.9906,64.06,64.06,99,100,5.7
391,Williston,US,1610068401,48.147,-103.618,28.08,30.0,80,90,1.01
392,Severo-Kuril'sk,RU,1610068402,50.6789,156.125,22.86,22.86,85,100,9.82
393,Manokwari,ID,1610068164,-0.8667,134.0833,82.67,82.67,72,99,2.8
394,Yerbogachën,RU,1610068405,61.2767,108.0108,0.45,0.45,92,100,10.13
395,Zhigansk,RU,1610068406,66.7697,123.3711,-33.0,-33.0,83,100,13.49
396,Jiuquan,CN,1610068409,39.7432,98.5174,-1.1,-1.1,78,0,4.68
397,Minyar,RU,1610068411,55.0709,57.5485,11.75,11.75,91,89,4.41
398,Tsimmerbude,RU,1610068412,54.675,20.1347,32.0,32.0,100,90,4.47
399,Araouane,ML,1610068413,18.9048,-3.5265,73.51,73.51,20,0,9.71
400,Vondrozo,MG,1610068414,-22.8167,47.2833,68.56,68.56,100,54,1.52
401,Isabela,PH,1610068415,6.7085,121.9711,86.0,86.0,70,40,2.3
402,Miles City,US,1610068417,46.4083,-105.8406,33.8,33.8,80,90,6.91
403,Bonga,ET,1610068418,7.2833,36.2333,60.44,60.44,81,46,1.21
404,Bolbec,FR,1610068419,49.5732,0.4734,34.38,39.2,65,0,9.22
405,Sioux Lookout,CA,1610068421,50.1001,-91.917,19.4,19.4,100,75,9.22
406,Mossamedes,AO,1610068423,-15.1961,12.1522,70.93,70.93,82,99,9.6
407,Khāsh,IR,1610068424,28.2211,61.2158,24.39,24.39,59,0,5.68
408,Serenje,ZM,1610068425,-13.2325,30.2352,62.87,62.87,93,94,2.24
409,Dalbandin,PK,1610068426,28.8947,64.4101,30.49,30.49,80,0,5.48
410,Shelburne,CA,1610068429,44.0787,-80.2041,19.76,21.2,79,1,5.75
411,Sibolga,ID,1610068430,1.7427,98.7792,79.05,79.05,81,83,2.8
412,Beïnamar,TD,1610068431,8.6698,15.3813,70.54,70.54,22,100,3.27
413,Norsup,VU,1610068433,-16.0667,167.3833,86.32,86.32,70,87,4.9
414,Valparaíso,CL,1610068395,-33.0393,-71.6273,60.8,60.8,94,20,9.22
415,Vila Franca do Campo,PT,1610068436,37.7167,-25.4333,53.6,53.6,62,20,14.97
416,Roald,NO,1610068437,62.5833,6.1333,30.06,33.8,69,90,12.66
417,Stephenville,US,1610068438,32.2207,-98.2023,42.33,42.8,65,1,5.75
418,Anito,PH,1610068439,12.4497,125.2886,77.72,77.72,92,100,10.65
419,Maceió,BR,1610068441,-9.6658,-35.7353,75.2,75.2,88,0,3.44
420,Catuday,PH,1610068442,16.2923,119.8062,78.28,78.28,81,98,11.56
421,Pathein,MM,1610068443,16.7833,94.7333,74.35,74.35,72,0,4.92
422,Road Town,VG,1610068444,18.4167,-64.6167,77.0,77.0,78,40,8.05
423,Atasū,KZ,1610068445,48.6814,71.6433,-23.4,-23.4,86,0,1.83
424,Yangi Marg`ilon,UZ,1610068447,40.4272,71.7189,21.2,21.2,73,75,4.61
425,Sola,VU,1610068448,-13.8833,167.55,89.6,89.6,84,40,5.75
426,Waingapu,ID,1610068449,-9.6567,120.2641,84.16,84.16,68,16,1.36
427,Buerarema,BR,1610068391,-14.9594,-39.2997,80.6,80.6,83,40,6.91
428,Wollongong,AU,1610068429,-34.4333,150.8833,68.31,70.0,75,93,12.59
429,Kampot,KH,1610068452,10.6167,104.1833,76.24,77.0,69,20,5.75
430,Baton Rouge,US,1610068455,30.4508,-91.1545,47.68,48.2,66,90,14.97
431,Gberia Fotombu,SL,1610068456,9.8833,-11.1667,71.1,71.1,43,45,3.27
432,Aksu,CN,1610068457,41.1231,80.2644,10.26,10.26,83,100,3.06
433,Sabla,NG,1610068458,12.7525,4.7077,74.14,74.14,17,30,10.65
434,Nyurba,RU,1610068460,63.2842,118.3319,0.95,0.95,93,100,5.64
435,Picuí,BR,1610068461,-6.5106,-36.3469,71.58,71.58,80,56,17.94
436,Abu Dhabi,AE,1610068462,24.4667,54.3667,58.44,60.8,48,0,6.91
437,Narsaq,GL,1610068463,60.9167,-46.05,35.6,35.6,93,90,5.75
438,Raudeberg,NO,1610068464,61.9875,5.1352,35.01,35.01,76,84,11.39
439,Shihezi,CN,1610068466,44.3,86.0333,-8.21,-8.21,83,93,1.57
440,Saint Anthony,US,1610068467,45.0205,-93.218,22.46,24.8,80,90,2.86
441,Coyhaique,CL,1610068468,-45.5752,-72.0662,55.4,55.4,54,75,4.61
442,Nadym,RU,1610068469,65.5333,72.5167,-14.6,-14.6,88,0,11.16
443,Akdağmadeni,TR,1610068471,39.6603,35.8836,38.26,38.26,69,100,3.56
444,Ixtapa,MX,1610068472,20.7,-105.2,71.31,71.6,83,90,5.75
445,Ilulissat,GL,1610068474,69.2167,-51.1,14.0,14.0,73,75,19.57
446,Lorengau,PG,1610068475,-2.0226,147.2712,86.68,86.68,65,86,7.36
447,Norfolk,US,1610068110,42.1668,-71.2495,32.38,34.0,55,1,5.75
448,Vardø,NO,1610068478,70.3705,31.1107,23.32,23.32,95,13,24.99
449,Bathsheba,BB,1610068479,13.2167,-59.5167,78.8,78.8,73,40,17.27
450,Manyana,BW,1610068480,-23.4,21.7167,71.19,71.19,77,100,9.86
451,Nogliki,RU,1610068481,51.8333,143.1667,-13.95,-13.95,79,44,11.68
452,Dhārchula,IN,1610068483,29.85,80.5333,49.53,49.53,32,25,6.62
453,Bernburg,DE,1610068484,51.8,11.7333,33.06,35.01,88,94,5.23
454,Salamiyah,SY,1610068485,35.0113,37.0532,52.32,52.32,55,87,10.87
455,Hemsedal,NO,1610068486,60.8629,8.5534,0.0,0.0,87,100,1.21
456,Ngunguru,NZ,1610068487,-35.6167,174.5,64.49,64.49,93,100,7.56
457,San Vicente,AR,1610068489,-26.6167,-54.1333,66.25,66.25,100,95,2.35
458,Vila do Maio,CV,1610068490,15.1333,-23.2167,73.4,73.4,78,0,13.8
459,Mitha Tiwana,PK,1610068491,32.2486,72.1108,50.9,50.9,63,0,1.77
460,Nakodar,IN,1610068492,31.1258,75.4733,50.0,50.0,90,0,0.76
461,Nichinan,JP,1610068493,31.6,131.3667,33.8,33.8,51,20,12.66
462,Norman Wells,CA,1610068495,65.282,-126.8329,-7.6,-7.6,84,1,5.75
463,Goderich,CA,1610068496,43.7501,-81.7165,24.8,24.8,86,58,8.05
464,Itarema,BR,1610068497,-2.9248,-39.9167,79.81,79.81,81,0,14.32
465,Ciudad Bolivar,VE,1610068499,8.1222,-63.5497,78.49,78.49,77,100,13.04
466,Evensk,RU,1610068500,61.95,159.2333,-10.16,-10.16,78,3,2.24
467,Bud,US,1610068502,39.447,-86.1758,35.01,35.01,78,100,10.87
468,El Cobre,CU,1610068503,20.0489,-75.9469,75.2,75.2,78,20,5.75
469,Kimbe,PG,1610068505,-5.5502,150.1429,90.25,90.25,58,100,3.24
470,Ous,RU,1610068506,60.9058,61.5186,-5.4,-5.4,92,100,2.8
471,Sept-Îles,CA,1610068322,50.2001,-66.3821,21.92,23.0,68,100,10.36
472,Aachen,DE,1610068338,50.7766,6.0834,34.14,36.0,94,100,5.99
473,Lubyany,RU,1610068510,56.0378,51.4,14.0,14.0,85,90,15.66
474,Pāli,IN,1610068511,25.7667,73.3333,55.62,55.62,63,0,7.4
475,Ancud,CL,1610068513,-41.8697,-73.8203,50.07,55.99,66,75,8.05
476,Znamenka,RU,1610068514,52.4167,41.4311,35.33,35.33,99,100,12.57
477,Saurimo,AO,1610068515,-9.6608,20.3916,63.79,63.79,95,100,5.75
478,Sungai Raya,ID,1610068517,0.7,108.9,77.74,77.74,89,100,5.59
479,Fevik,NO,1610068518,58.3794,8.6766,25.03,27.0,74,20,3.44
480,Plastun,RU,1610068519,44.7561,136.2939,-7.89,-7.89,76,98,16.22
481,Churapcha,RU,1610068521,62.0025,132.4325,-42.43,-42.43,80,100,5.14
482,Rāwatsār,IN,1610068523,29.2833,74.3833,50.29,50.29,66,0,4.03
483,Allāpalli,IN,1610068524,19.4167,80.0667,67.14,67.14,65,25,1.63
484,West Wendover,US,1610068525,40.7391,-114.0733,33.8,33.8,60,1,5.75
485,Viedma,AR,1610068526,-40.8135,-62.9967,57.99,57.99,79,0,13.47
486,San Jeronimito,MX,1610068528,17.55,-101.3333,80.6,80.6,83,40,2.75
487,Villa Vicente Guerrero,MX,1610068529,19.1194,-98.1708,53.6,53.6,58,20,8.05
488,Lagos,NG,1610068500,6.5833,3.75,79.43,79.43,86,65,5.28
489,Ndélé,CF,1610068531,8.4109,20.6473,72.18,72.18,21,2,8.19
490,Hongjiang,CN,1610068532,27.11,109.9956,29.91,29.91,85,28,4.63
491,Nicolás Bravo,MX,1610068534,18.45,-88.9167,77.0,77.0,88,40,0.98
492,Sokoni,TZ,1610068535,-6.4333,39.55,80.58,80.58,79,41,12.24
493,Matagami,CA,1610068536,49.7502,-77.6328,1.4,1.4,92,75,8.05
494,Port-Gentil,GA,1610068537,-0.7193,8.7815,78.78,78.78,85,100,12.95
495,Heraclea,TR,1610068539,37.5133,34.0467,41.81,41.81,64,100,1.03
496,Roebourne,AU,1610068540,-20.7833,117.1333,91.67,91.67,49,65,6.89
497,Asău,RO,1610068541,46.4333,26.4,37.0,37.0,55,100,2.84
498,Brus Laguna,HN,1610068543,15.75,-84.4833,69.98,69.98,84,78,3.06
499,Abhā,SA,1610068544,18.2164,42.5053,52.65,53.6,93,0,6.91
500,Pacasmayo,PE,1610068545,-7.4006,-79.5714,71.47,71.47,76,63,12.71
501,Laas,IT,1610068546,46.6166,10.7002,14.54,19.99,78,0,4.61
502,Jiaozuo,CN,1610068548,35.2397,113.2331,24.22,24.22,52,0,14.67
503,Meshchovsk,RU,1610068549,54.3244,35.2808,32.13,32.13,99,100,11.68
504,Durusu,TR,1610068550,41.3053,28.6767,56.41,57.0,76,0,3.44
505,Greenwood,US,1610068551,34.1668,-82.1165,40.46,41.0,100,90,5.75
506,Santa Fe,AR,1610068553,-31.6333,-60.7,79.0,79.0,33,0,2.51
507,Talnakh,RU,1610068554,69.4865,88.3972,-12.32,-12.32,88,100,15.12
508,Krasnyy Chikoy,RU,1610068556,50.3643,108.7512,-1.75,-1.75,89,100,6.91
509,Ubari,LY,1610068557,26.5921,12.7805,60.12,60.12,37,87,3.44
510,Navolato,MX,1610068559,24.7672,-107.6944,71.58,75.2,57,1,8.05
511,Camacha,PT,1610068560,33.0833,-16.3333,53.6,53.6,82,75,21.85
512,Khilchipur,IN,1610068561,24.0333,76.5667,61.74,61.74,80,0,6.91
513,Dejen,ET,1610068562,10.1667,38.1333,51.35,51.35,54,0,2.1
514,Sayyan,YE,1610068564,15.1718,44.3244,37.6,37.6,73,0,4.43
515,Wanaka,NZ,1610068565,-44.7,169.15,63.52,63.52,57,75,2.93
516,Bonthe,SL,1610068566,7.5264,-12.505,78.8,78.8,86,94,6.4
517,Anagé,BR,1610068567,-14.6122,-41.1356,72.43,72.43,66,0,4.29
518,Klaksvík,FO,1610068569,62.2266,-6.589,30.2,30.2,64,90,12.66
519,Moerai,PF,1610068570,-22.4333,-151.3333,78.76,78.76,77,89,12.08
520,Jacareacanga,BR,1610068571,-6.2222,-57.7528,75.79,75.79,85,0,2.35
521,Helong,CN,1610068572,42.5397,128.9972,-11.65,-11.65,70,60,5.84
522,São João da Barra,BR,1610068575,-21.6403,-41.0511,76.71,76.71,87,8,16.98
523,Berlevåg,NO,1610068576,70.8578,29.0864,22.41,22.41,92,11,26.11
524,Kalmunai,LK,1610068577,7.4167,81.8167,76.87,76.87,89,48,5.14
525,Sussex,US,1610068578,41.1834,-74.6663,28.4,30.2,69,1,3.44
526,Kagoro,NG,1610068580,9.6,8.3833,69.73,69.73,22,97,6.62
527,Ambon City,ID,1610068381,-3.6954,128.1814,86.0,86.0,66,20,4.61
528,Pochutla,MX,1610068582,15.7432,-96.4661,77.52,78.01,78,40,11.5
529,Kipushi,CD,1610068583,-11.7667,27.2333,61.77,61.77,98,100,4.5
530,Ekibastuz,KZ,1610068571,51.6667,75.3667,-25.29,-25.29,85,0,5.23
531,Zheleznodorozhnyy,RU,1610068586,55.7503,38.0042,23.0,23.0,93,90,6.71
532,Grenfell,AU,1610068587,-33.9,148.1667,73.6,73.6,39,0,12.17
533,Wainwright,CA,1610068588,52.839,-110.8572,13.91,17.6,92,0,2.3
534,Durrës,AL,1610068589,41.3231,19.4414,57.2,57.2,77,75,14.97
535,Salalah,OM,1610068590,17.0151,54.0924,68.0,68.0,32,0,9.22
536,Pangai,TO,1610068592,-19.8,-174.35,84.2,84.2,79,75,6.91
537,Tandaltī,SD,1610068593,13.0167,31.8667,70.45,70.45,33,0,11.92
538,Yantal',RU,1610068594,56.8471,105.2542,-9.56,-9.56,87,100,7.72
539,Kitimat,CA,1610068595,54.0524,-128.6534,33.01,33.01,96,100,4.23
540,Orán,AR,1610068597,-23.1322,-64.326,72.0,72.0,92,100,1.28
541,Lata,PT,1610068598,40.1629,-8.3327,37.2,41.0,86,75,2.3
542,Lahān,NP,1610068599,26.7296,86.4951,60.13,60.13,67,0,2.48
543,Saint-Leu,RE,1610068600,-21.15,55.2833,69.12,73.4,68,0,3.44
544,Bonavista,CA,1610068601,48.6499,-53.1147,41.25,42.8,100,71,10.36
545,Beloha,MG,1610068603,-25.1667,45.05,75.61,75.61,83,100,2.77
546,Galesong,ID,1610068604,-5.3166,119.3661,77.0,77.0,100,40,2.3
547,Birjand,IR,1610068605,32.8663,59.2211,12.2,12.2,40,0,4.61
548,Aitape,PG,1610068606,-3.1374,142.3475,84.27,84.27,72,100,0.58
549,Gorontalo,ID,1610068607,0.5412,123.0595,83.23,83.23,76,100,2.59
550,Migori,KE,1610068609,-1.0634,34.4731,67.41,67.41,72,92,1.66
551,Kampong Cham,KH,1610068610,11.9934,105.4635,75.13,75.13,65,57,15.66
552,Kovdor,RU,1610068611,67.5662,30.4758,4.15,4.15,94,25,4.29
553,Marzuq,YE,1610068612,14.4,46.4667,50.65,50.65,47,0,2.91
554,Kidal,ML,1610068614,18.4411,1.4078,74.61,74.61,17,0,9.82
555,Bulungu,CD,1610068615,-4.55,18.6,67.73,67.73,94,100,1.54
556,Nekā,IR,1610068616,36.6508,53.299,39.78,39.78,69,75,2.26
557,Mezhova,UA,1610068617,48.2532,36.7347,40.59,40.59,82,68,16.98
558,Lima,PE,1610068503,-12.0432,-77.0282,69.4,69.8,83,20,12.66
559,Creel,MX,1610068620,27.75,-107.6333,43.03,43.03,55,57,4.88
560,Bataiporã,BR,1610068621,-22.2953,-53.2711,73.38,73.38,90,95,3.15
561,Keetmanshoop,NA,1610068347,-26.5833,18.1333,75.2,75.2,43,56,6.91
562,Pedernales,DO,1610068623,18.0384,-71.744,76.15,76.15,73,0,4.14
563,Hobyo,SO,1610068625,5.3505,48.5268,73.89,73.89,69,0,19.89
564,Minsk,BY,1610068422,53.9,27.5667,28.2,28.4,100,75,6.71
565,Iqaluit,CA,1610068627,63.7506,-68.5145,-20.09,-20.0,69,1,3.44
566,Grenville,GD,1610068628,12.1167,-61.6167,78.8,78.8,83,20,14.97
567,Ingham,US,1610068602,42.6,-84.3833,30.27,32.0,80,90,8.05
568,Belmonte,BR,1610068631,-15.8631,-38.8828,78.8,78.8,73,40,8.05
569,Sinnamary,GF,1610068632,5.3833,-52.95,78.15,78.15,87,100,11.43
570,Deputatsky,RU,1610068633,69.3,139.9,-15.41,-15.41,89,100,4.68
571,Santa Maria,BR,1610068565,-29.6842,-53.8069,80.6,80.6,50,0,4.61
572,Pietermaritzburg,ZA,1610068636,-29.6168,30.3928,66.42,71.01,95,16,3.74
573,Aswān,EG,1610068637,24.0934,32.907,63.84,63.84,38,0,6.76
574,La Libertad,EC,1610068638,-2.2333,-80.9,74.08,74.08,79,93,8.84
575,Manaure,CO,1610068639,11.7751,-72.4445,80.17,80.17,77,100,17.78
576,Morehead,US,1610068640,37.2711,-87.1764,38.03,39.0,56,75,4.61
577,Leh,IN,1610068642,34.1667,77.5833,8.47,8.47,78,93,2.84
578,Alugan,PH,1610068643,12.2188,125.4808,78.1,78.1,93,100,11.01
579,Uruaçu,BR,1610068644,-14.5247,-49.1408,73.8,73.8,84,60,2.19
580,Nizhniy Odes,RU,1610068645,63.6445,54.856,-11.31,-11.31,90,0,4.94
